{"cameraMode":{"drawMode":0,"name":"Shaded","section":"Shading Mode"},"sceneLighting":true,"audioPlay":false,"sceneViewState":{"m_AlwaysRefresh":false,"showFog":true,"showSkybox":true,"showFlares":true,"showImageEffects":true,"showParticleSystems":true,"showVisualEffectGraphs":true,"m_FxEnabled":true},"in2DMode":false,"pivot":{"x":-0.4401312470436096,"y":1.766952395439148,"z":3.9857141971588136},"rotation":{"x":0.19279547035694123,"y":0.10844873636960983,"z":-0.021004624664783479,"w":0.9747694730758667},"size":0.4550677537918091,"orthographic":false}