{"cameraMode":{"drawMode":0,"name":"Shaded","section":"Shading Mode"},"sceneLighting":true,"audioPlay":false,"sceneViewState":{"m_AlwaysRefresh":false,"showFog":true,"showSkybox":true,"showFlares":true,"showImageEffects":true,"showParticleSystems":true,"showVisualEffectGraphs":true,"m_FxEnabled":true},"in2DMode":false,"pivot":{"x":-3.6413307189941408,"y":-0.2916705012321472,"z":-1.0934712886810303},"rotation":{"x":-0.02984316274523735,"y":0.9542234539985657,"z":-0.10182718187570572,"w":-0.27963340282440188},"size":4.144031524658203,"orthographic":false}