{"cameraMode":{"drawMode":0,"name":"Shaded","section":"Shading Mode"},"sceneLighting":true,"audioPlay":false,"sceneViewState":{"m_AlwaysRefresh":false,"showFog":true,"showSkybox":true,"showFlares":true,"showImageEffects":true,"showParticleSystems":true,"showVisualEffectGraphs":true,"m_FxEnabled":true},"in2DMode":false,"pivot":{"x":1.3638807535171509,"y":-6.323437213897705,"z":34.1119270324707},"rotation":{"x":0.1518709808588028,"y":0.17576855421066285,"z":-0.025546448305249215,"w":0.9716349244117737},"size":18.029495239257814,"orthographic":false}