{"cameraMode":{"drawMode":0,"name":"Shaded","section":"Shading Mode"},"sceneLighting":true,"audioPlay":false,"sceneViewState":{"m_AlwaysRefresh":false,"showFog":true,"showSkybox":true,"showFlares":true,"showImageEffects":true,"showParticleSystems":true,"showVisualEffectGraphs":true,"m_FxEnabled":true},"in2DMode":false,"pivot":{"x":981.2627563476563,"y":531.2564697265625,"z":-982.8278198242188},"rotation":{"x":0.00878865085542202,"y":0.006315525155514479,"z":-0.0012224809033796192,"w":-0.9994024634361267},"size":103.07764434814453,"orthographic":false}