{"cameraMode":{"drawMode":0,"name":"Shaded","section":"Shading Mode"},"sceneLighting":false,"audioPlay":false,"sceneViewState":{"m_AlwaysRefresh":false,"showFog":true,"showSkybox":false,"showFlares":true,"showImageEffects":true,"showParticleSystems":true,"showVisualEffectGraphs":true,"m_FxEnabled":true},"in2DMode":false,"pivot":{"x":7.96535587310791,"y":2.107311964035034,"z":-1.4585211277008057},"rotation":{"x":-0.00013211381155997515,"y":-0.8533241152763367,"z":-0.0008884841809049249,"w":-0.5210116505622864},"size":1.050122618675232,"orthographic":false}