{"cameraMode":{"drawMode":0,"name":"Shaded","section":"Shading Mode"},"sceneLighting":false,"audioPlay":false,"sceneViewState":{"m_AlwaysRefresh":false,"showFog":true,"showSkybox":false,"showFlares":true,"showImageEffects":true,"showParticleSystems":true,"showVisualEffectGraphs":true,"m_FxEnabled":true},"in2DMode":false,"pivot":{"x":10.64533805847168,"y":1.303757905960083,"z":-0.31724026799201968},"rotation":{"x":0.013193124905228615,"y":-0.8522419333457947,"z":-0.022621627897024156,"w":-0.522124707698822},"size":0.3807027339935303,"orthographic":false}