{"cameraMode":{"drawMode":0,"name":"Shaded","section":"Shading Mode"},"sceneLighting":false,"audioPlay":false,"sceneViewState":{"m_AlwaysRefresh":false,"showFog":true,"showSkybox":false,"showFlares":true,"showImageEffects":true,"showParticleSystems":true,"showVisualEffectGraphs":true,"m_FxEnabled":true},"in2DMode":false,"pivot":{"x":-0.03277754783630371,"y":0.03679370880126953,"z":-0.2370891571044922},"rotation":{"x":0.014811878092586995,"y":-0.9270766377449036,"z":-0.03841741755604744,"w":-0.37208953499794009},"size":4.404474258422852,"orthographic":false}